Year,OBS_STATUS,UNIT_MULT,SOURCE_DETAIL,SERIES,REF_AREA,EDUCATION_LEV,UNIT_MEASURE,Value
2024,A,0,EMIS_2024,SE_ACS_CMPTR,,AGG_0_1,PT,34.73
2024,A,0,EMIS_2024,SE_ACS_CMPTR,,AGG_2_3,PT,48.14
2024,A,0,EMIS_2024,SE_ACS_CMPTR,,ISCED11_1,PT,34.73
2024,A,0,EMIS_2024,SE_ACS_CMPTR,ZW_BA,AGG_0_1,PT,51.74
2024,A,0,EMIS_2024,SE_ACS_CMPTR,ZW_BA,AGG_2_3,PT,68.18
2024,A,0,EMIS_2024,SE_ACS_CMPTR,ZW_BA,ISCED11_1,PT,51.74
2024,A,0,EMIS_2024,SE_ACS_CMPTR,ZW_HA,AGG_0_1,PT,58.87
2024,A,0,EMIS_2024,SE_ACS_CMPTR,ZW_HA,AGG_2_3,PT,70.37
2024,A,0,EMIS_2024,SE_ACS_CMPTR,ZW_HA,ISCED11_1,PT,58.87
2024,A,0,EMIS_2024,SE_ACS_CMPTR,ZW_MA,AGG_0_1,PT,30.18
2024,A,0,EMIS_2024,SE_ACS_CMPTR,ZW_MA,AGG_2_3,PT,46.64
2024,A,0,EMIS_2024,SE_ACS_CMPTR,ZW_MA,ISCED11_1,PT,30.18
2024,A,0,EMIS_2024,SE_ACS_CMPTR,ZW_MC,AGG_0_1,PT,29.32
2024,A,0,EMIS_2024,SE_ACS_CMPTR,ZW_MC,AGG_2_3,PT,39.05
2024,A,0,EMIS_2024,SE_ACS_CMPTR,ZW_MC,ISCED11_1,PT,29.32
2024,A,0,EMIS_2024,SE_ACS_CMPTR,ZW_ME,AGG_0_1,PT,39.24
2024,A,0,EMIS_2024,SE_ACS_CMPTR,ZW_ME,AGG_2_3,PT,42.02
2024,A,0,EMIS_2024,SE_ACS_CMPTR,ZW_ME,ISCED11_1,PT,39.24
2024,A,0,EMIS_2024,SE_ACS_CMPTR,ZW_MI,AGG_0_1,PT,29.21
2024,A,0,EMIS_2024,SE_ACS_CMPTR,ZW_MI,AGG_2_3,PT,47.89
2024,A,0,EMIS_2024,SE_ACS_CMPTR,ZW_MI,ISCED11_1,PT,29.21
2024,A,0,EMIS_2024,SE_ACS_CMPTR,ZW_MN,AGG_0_1,PT,27.19
2024,A,0,EMIS_2024,SE_ACS_CMPTR,ZW_MN,AGG_2_3,PT,45.33
2024,A,0,EMIS_2024,SE_ACS_CMPTR,ZW_MN,ISCED11_1,PT,27.19
2024,A,0,EMIS_2024,SE_ACS_CMPTR,ZW_MS,AGG_0_1,PT,48.13
2024,A,0,EMIS_2024,SE_ACS_CMPTR,ZW_MS,AGG_2_3,PT,50.52
2024,A,0,EMIS_2024,SE_ACS_CMPTR,ZW_MS,ISCED11_1,PT,48.13
2024,A,0,EMIS_2024,SE_ACS_CMPTR,ZW_MV,AGG_0_1,PT,28.26
2024,A,0,EMIS_2024,SE_ACS_CMPTR,ZW_MV,AGG_2_3,PT,45.99
2024,A,0,EMIS_2024,SE_ACS_CMPTR,ZW_MV,ISCED11_1,PT,28.26
2024,A,0,EMIS_2024,SE_ACS_CMPTR,ZW_MW,AGG_0_1,PT,27.13
2024,A,0,EMIS_2024,SE_ACS_CMPTR,ZW_MW,AGG_2_3,PT,42.35
2024,A,0,EMIS_2024,SE_ACS_CMPTR,ZW_MW,ISCED11_1,PT,27.13
2024,A,0,EMIS_2024,SE_ACS_ELECT,,AGG_0_1,PT,74.28
2024,A,0,EMIS_2024,SE_ACS_ELECT,,AGG_2_3,PT,78.97
2024,A,0,EMIS_2024,SE_ACS_ELECT,,ISCED11_1,PT,74.28
2024,A,0,EMIS_2024,SE_ACS_ELECT,ZW_BA,AGG_0_1,PT,95.98
2024,A,0,EMIS_2024,SE_ACS_ELECT,ZW_BA,AGG_2_3,PT,96.96
2024,A,0,EMIS_2024,SE_ACS_ELECT,ZW_BA,ISCED11_1,PT,95.98
2024,A,0,EMIS_2024,SE_ACS_ELECT,ZW_HA,AGG_0_1,PT,98.01
2024,A,0,EMIS_2024,SE_ACS_ELECT,ZW_HA,AGG_2_3,PT,95.44
2024,A,0,EMIS_2024,SE_ACS_ELECT,ZW_HA,ISCED11_1,PT,98.01
2024,A,0,EMIS_2024,SE_ACS_ELECT,ZW_MA,AGG_0_1,PT,81.97
2024,A,0,EMIS_2024,SE_ACS_ELECT,ZW_MA,AGG_2_3,PT,80.67
2024,A,0,EMIS_2024,SE_ACS_ELECT,ZW_MA,ISCED11_1,PT,81.97
2024,A,0,EMIS_2024,SE_ACS_ELECT,ZW_MC,AGG_0_1,PT,73.29
2024,A,0,EMIS_2024,SE_ACS_ELECT,ZW_MC,AGG_2_3,PT,74.29
2024,A,0,EMIS_2024,SE_ACS_ELECT,ZW_MC,ISCED11_1,PT,73.29
2024,A,0,EMIS_2024,SE_ACS_ELECT,ZW_ME,AGG_0_1,PT,76.16
2024,A,0,EMIS_2024,SE_ACS_ELECT,ZW_ME,AGG_2_3,PT,78.65
2024,A,0,EMIS_2024,SE_ACS_ELECT,ZW_ME,ISCED11_1,PT,76.16
2024,A,0,EMIS_2024,SE_ACS_ELECT,ZW_MI,AGG_0_1,PT,65.1
2024,A,0,EMIS_2024,SE_ACS_ELECT,ZW_MI,AGG_2_3,PT,77.42
2024,A,0,EMIS_2024,SE_ACS_ELECT,ZW_MI,ISCED11_1,PT,65.1
2024,A,0,EMIS_2024,SE_ACS_ELECT,ZW_MN,AGG_0_1,PT,60.06
2024,A,0,EMIS_2024,SE_ACS_ELECT,ZW_MN,AGG_2_3,PT,68.0
2024,A,0,EMIS_2024,SE_ACS_ELECT,ZW_MN,ISCED11_1,PT,60.06
2024,A,0,EMIS_2024,SE_ACS_ELECT,ZW_MS,AGG_0_1,PT,82.06
2024,A,0,EMIS_2024,SE_ACS_ELECT,ZW_MS,AGG_2_3,PT,83.51
2024,A,0,EMIS_2024,SE_ACS_ELECT,ZW_MS,ISCED11_1,PT,82.06
2024,A,0,EMIS_2024,SE_ACS_ELECT,ZW_MV,AGG_0_1,PT,62.28
2024,A,0,EMIS_2024,SE_ACS_ELECT,ZW_MV,AGG_2_3,PT,77.78
2024,A,0,EMIS_2024,SE_ACS_ELECT,ZW_MV,ISCED11_1,PT,62.28
2024,A,0,EMIS_2024,SE_ACS_ELECT,ZW_MW,AGG_0_1,PT,66.35
2024,A,0,EMIS_2024,SE_ACS_ELECT,ZW_MW,AGG_2_3,PT,69.62
2024,A,0,EMIS_2024,SE_ACS_ELECT,ZW_MW,ISCED11_1,PT,66.35
2024,A,0,EMIS_2024,SE_ACS_INTNT,,AGG_0_1,PT,39.99
2024,A,0,EMIS_2024,SE_ACS_INTNT,,AGG_2_3,PT,52.49
2024,A,0,EMIS_2024,SE_ACS_INTNT,,ISCED11_1,PT,39.99
2024,A,0,EMIS_2024,SE_ACS_INTNT,ZW_BA,AGG_0_1,PT,57.91
2024,A,0,EMIS_2024,SE_ACS_INTNT,ZW_BA,AGG_2_3,PT,74.55
2024,A,0,EMIS_2024,SE_ACS_INTNT,ZW_BA,ISCED11_1,PT,57.91
2024,A,0,EMIS_2024,SE_ACS_INTNT,ZW_HA,AGG_0_1,PT,66.21
2024,A,0,EMIS_2024,SE_ACS_INTNT,ZW_HA,AGG_2_3,PT,73.79
2024,A,0,EMIS_2024,SE_ACS_INTNT,ZW_HA,ISCED11_1,PT,66.21
2024,A,0,EMIS_2024,SE_ACS_INTNT,ZW_MA,AGG_0_1,PT,35.03
2024,A,0,EMIS_2024,SE_ACS_INTNT,ZW_MA,AGG_2_3,PT,51.47
2024,A,0,EMIS_2024,SE_ACS_INTNT,ZW_MA,ISCED11_1,PT,35.03
2024,A,0,EMIS_2024,SE_ACS_INTNT,ZW_MC,AGG_0_1,PT,33.42
2024,A,0,EMIS_2024,SE_ACS_INTNT,ZW_MC,AGG_2_3,PT,41.9
2024,A,0,EMIS_2024,SE_ACS_INTNT,ZW_MC,ISCED11_1,PT,33.42
2024,A,0,EMIS_2024,SE_ACS_INTNT,ZW_ME,AGG_0_1,PT,46.06
2024,A,0,EMIS_2024,SE_ACS_INTNT,ZW_ME,AGG_2_3,PT,45.17
2024,A,0,EMIS_2024,SE_ACS_INTNT,ZW_ME,ISCED11_1,PT,46.06
2024,A,0,EMIS_2024,SE_ACS_INTNT,ZW_MI,AGG_0_1,PT,34.1
2024,A,0,EMIS_2024,SE_ACS_INTNT,ZW_MI,AGG_2_3,PT,51.86
2024,A,0,EMIS_2024,SE_ACS_INTNT,ZW_MI,ISCED11_1,PT,34.1
2024,A,0,EMIS_2024,SE_ACS_INTNT,ZW_MN,AGG_0_1,PT,31.8
2024,A,0,EMIS_2024,SE_ACS_INTNT,ZW_MN,AGG_2_3,PT,48.0
2024,A,0,EMIS_2024,SE_ACS_INTNT,ZW_MN,ISCED11_1,PT,31.8
2024,A,0,EMIS_2024,SE_ACS_INTNT,ZW_MS,AGG_0_1,PT,54.53
2024,A,0,EMIS_2024,SE_ACS_INTNT,ZW_MS,AGG_2_3,PT,54.12
2024,A,0,EMIS_2024,SE_ACS_INTNT,ZW_MS,ISCED11_1,PT,54.53
2024,A,0,EMIS_2024,SE_ACS_INTNT,ZW_MV,AGG_0_1,PT,31.47
2024,A,0,EMIS_2024,SE_ACS_INTNT,ZW_MV,AGG_2_3,PT,50.39
2024,A,0,EMIS_2024,SE_ACS_INTNT,ZW_MV,ISCED11_1,PT,31.47
2024,A,0,EMIS_2024,SE_ACS_INTNT,ZW_MW,AGG_0_1,PT,32.91
2024,A,0,EMIS_2024,SE_ACS_INTNT,ZW_MW,AGG_2_3,PT,50.11
2024,A,0,EMIS_2024,SE_ACS_INTNT,ZW_MW,ISCED11_1,PT,32.91
